1,application_data,mandatory,,Used for join,SK_ID_CURR,ID of loan in our sample,
2,application_data,mandatory,,Used to analyse,TARGET,"Target variable (1 - client with payment difficulties: he/she had late payment more than X days on at least one of the first Y installments of the loan in our sample, 0 - all other cases)",
5,application_data,mandatory,Categorical,,NAME_CONTRACT_TYPE,Identification if loan is cash or revolving,
6,application_data,mandatory,Categorical,plot graph using F/M,CODE_GENDER,Gender of the client,
7,application_data,mandatory,Categorical,,FLAG_OWN_CAR,Flag if the client owns a car,
8,application_data,mandatory,Categorical,,FLAG_OWN_REALTY,Flag if client owns a house or flat,
9,application_data,mandatory,Numerical,,CNT_CHILDREN,Number of children the client has,
10,application_data,mandatory,Categorical - groups,,AMT_INCOME_TOTAL,Income of the client,
11,application_data,mandatory,Numerical,,AMT_CREDIT,Credit amount of the loan,
12,application_data,mandatory,Numerical,,AMT_ANNUITY,Loan annuity,
13,application_data,Not Mandatory,,,AMT_GOODS_PRICE,For consumer loans it is the price of the goods for which the loan is given,
14,application_data,Not Mandatory,,,NAME_TYPE_SUITE,Who was accompanying client when he was applying for the loan,
15,application_data,mandatory,Categorical,,NAME_INCOME_TYPE,"Clients income type (businessman, working, maternity leave,�)",
16,application_data,mandatory,Categorical,value type correction,NAME_EDUCATION_TYPE,Level of highest education the client achieved,
17,application_data,mandatory,Categorical,value type correction,NAME_FAMILY_STATUS,Family status of the client,
18,application_data,mandatory,Categorical,value type correction,NAME_HOUSING_TYPE,"What is the housing situation of the client (renting, living with parents, ...)",
19,application_data,Not Mandatory,,,REGION_POPULATION_RELATIVE,Normalized population of region where client lives (higher number means the client lives in more populated region),normalized 
20,application_data,mandatory,Numerical,need converstion into mmddyyyy,DAYS_BIRTH,Client's age in days at the time of application,time only relative to the application
21,application_data,mandatory,Numerical,need converstion into mmddyyyy,DAYS_EMPLOYED,How many days before the application the person started current employment,time only relative to the application
22,application_data,mandatory,Numerical,,DAYS_REGISTRATION,How many days before the application did client change his registration,time only relative to the application
23,application_data,Not Mandatory,,,DAYS_ID_PUBLISH,How many days before the application did client change the identity document with which he applied for the loan,time only relative to the application
24,application_data,Not Mandatory,,,OWN_CAR_AGE,Age of client's car,
25,application_data,Not Mandatory,,,FLAG_MOBIL,"Did client provide mobile phone (1=YES, 0=NO)",
26,application_data,Not Mandatory,,,FLAG_EMP_PHONE,"Did client provide work phone (1=YES, 0=NO)",
27,application_data,Not Mandatory,,,FLAG_WORK_PHONE,"Did client provide home phone (1=YES, 0=NO)",
28,application_data,mandatory,Categorical,,FLAG_CONT_MOBILE,"Was mobile phone reachable (1=YES, 0=NO)",
29,application_data,Not Mandatory,,,FLAG_PHONE,"Did client provide home phone (1=YES, 0=NO)",
30,application_data,Not Mandatory,,,FLAG_EMAIL,"Did client provide email (1=YES, 0=NO)",
31,application_data,mandatory,Categorical,,OCCUPATION_TYPE,What kind of occupation does the client have,
32,application_data,mandatory,Numerical,,CNT_FAM_MEMBERS,How many family members does client have,
33,application_data,mandatory,Categorical,,REGION_RATING_CLIENT,"Our rating of the region where client lives (1,2,3)",
34,application_data,mandatory,Categorical,,REGION_RATING_CLIENT_W_CITY,"Our rating of the region where client lives with taking city into account (1,2,3)",
35,application_data,Not Mandatory,,,WEEKDAY_APPR_PROCESS_START,On which day of the week did the client apply for the loan,
36,application_data,Not Mandatory,,,HOUR_APPR_PROCESS_START,Approximately at what hour did the client apply for the loan,rounded
37,application_data,Not Mandatory,,,REG_REGION_NOT_LIVE_REGION,"Flag if client's permanent address does not match contact address (1=different, 0=same, at region level)",
38,application_data,Not Mandatory,,,REG_REGION_NOT_WORK_REGION,"Flag if client's permanent address does not match work address (1=different, 0=same, at region level)",
39,application_data,Not Mandatory,,,LIVE_REGION_NOT_WORK_REGION,"Flag if client's contact address does not match work address (1=different, 0=same, at region level)",
40,application_data,Not Mandatory,,,REG_CITY_NOT_LIVE_CITY,"Flag if client's permanent address does not match contact address (1=different, 0=same, at city level)",
41,application_data,Not Mandatory,,,REG_CITY_NOT_WORK_CITY,"Flag if client's permanent address does not match work address (1=different, 0=same, at city level)",
42,application_data,Not Mandatory,,,LIVE_CITY_NOT_WORK_CITY,"Flag if client's contact address does not match work address (1=different, 0=same, at city level)",
43,application_data,mandatory,categorical,value type correction,ORGANIZATION_TYPE,Type of organization where client works,
44,application_data,mandatory,Numerical,,EXT_SOURCE_1,Normalized score from external data source,normalized
45,application_data,mandatory,Numerical,,EXT_SOURCE_2,Normalized score from external data source,normalized
46,application_data,mandatory,Numerical,,EXT_SOURCE_3,Normalized score from external data source,normalized
47,application_data,Not Mandatory,,,APARTMENTS_AVG,"Normalized information about building where the client lives, What is average (_AVG suffix), modus (_MODE suffix), median (_MEDI suffix) apartment size, common area, living area, age of building, number of elevators, number of entrances, state of the building, number of floor",normalized
48,application_data,Not Mandatory,,,BASEMENTAREA_AVG,"Normalized information about building where the client lives, What is average (_AVG suffix), modus (_MODE suffix), median (_MEDI suffix) apartment size, common area, living area, age of building, number of elevators, number of entrances, state of the building, number of floor",normalized
49,application_data,Not Mandatory,,,YEARS_BEGINEXPLUATATION_AVG,"Normalized information about building where the client lives, What is average (_AVG suffix), modus (_MODE suffix), median (_MEDI suffix) apartment size, common area, living area, age of building, number of elevators, number of entrances, state of the building, number of floor",normalized
50,application_data,Not Mandatory,,,YEARS_BUILD_AVG,"Normalized information about building where the client lives, What is average (_AVG suffix), modus (_MODE suffix), median (_MEDI suffix) apartment size, common area, living area, age of building, number of elevators, number of entrances, state of the building, number of floor",normalized
51,application_data,Not Mandatory,,,COMMONAREA_AVG,"Normalized information about building where the client lives, What is average (_AVG suffix), modus (_MODE suffix), median (_MEDI suffix) apartment size, common area, living area, age of building, number of elevators, number of entrances, state of the building, number of floor",normalized
52,application_data,Not Mandatory,,,ELEVATORS_AVG,"Normalized information about building where the client lives, What is average (_AVG suffix), modus (_MODE suffix), median (_MEDI suffix) apartment size, common area, living area, age of building, number of elevators, number of entrances, state of the building, number of floor",normalized
53,application_data,Not Mandatory,,,ENTRANCES_AVG,"Normalized information about building where the client lives, What is average (_AVG suffix), modus (_MODE suffix), median (_MEDI suffix) apartment size, common area, living area, age of building, number of elevators, number of entrances, state of the building, number of floor",normalized
54,application_data,Not Mandatory,,,FLOORSMAX_AVG,"Normalized information about building where the client lives, What is average (_AVG suffix), modus (_MODE suffix), median (_MEDI suffix) apartment size, common area, living area, age of building, number of elevators, number of entrances, state of the building, number of floor",normalized
55,application_data,Not Mandatory,,,FLOORSMIN_AVG,"Normalized information about building where the client lives, What is average (_AVG suffix), modus (_MODE suffix), median (_MEDI suffix) apartment size, common area, living area, age of building, number of elevators, number of entrances, state of the building, number of floor",normalized
56,application_data,Not Mandatory,,,LANDAREA_AVG,"Normalized information about building where the client lives, What is average (_AVG suffix), modus (_MODE suffix), median (_MEDI suffix) apartment size, common area, living area, age of building, number of elevators, number of entrances, state of the building, number of floor",normalized
57,application_data,Not Mandatory,,,LIVINGAPARTMENTS_AVG,"Normalized information about building where the client lives, What is average (_AVG suffix), modus (_MODE suffix), median (_MEDI suffix) apartment size, common area, living area, age of building, number of elevators, number of entrances, state of the building, number of floor",normalized
58,application_data,Not Mandatory,,,LIVINGAREA_AVG,"Normalized information about building where the client lives, What is average (_AVG suffix), modus (_MODE suffix), median (_MEDI suffix) apartment size, common area, living area, age of building, number of elevators, number of entrances, state of the building, number of floor",normalized
59,application_data,Not Mandatory,,,NONLIVINGAPARTMENTS_AVG,"Normalized information about building where the client lives, What is average (_AVG suffix), modus (_MODE suffix), median (_MEDI suffix) apartment size, common area, living area, age of building, number of elevators, number of entrances, state of the building, number of floor",normalized
60,application_data,Not Mandatory,,,NONLIVINGAREA_AVG,"Normalized information about building where the client lives, What is average (_AVG suffix), modus (_MODE suffix), median (_MEDI suffix) apartment size, common area, living area, age of building, number of elevators, number of entrances, state of the building, number of floor",normalized
61,application_data,Not Mandatory,,,APARTMENTS_MODE,"Normalized information about building where the client lives, What is average (_AVG suffix), modus (_MODE suffix), median (_MEDI suffix) apartment size, common area, living area, age of building, number of elevators, number of entrances, state of the building, number of floor",normalized
62,application_data,Not Mandatory,,,BASEMENTAREA_MODE,"Normalized information about building where the client lives, What is average (_AVG suffix), modus (_MODE suffix), median (_MEDI suffix) apartment size, common area, living area, age of building, number of elevators, number of entrances, state of the building, number of floor",normalized
63,application_data,Not Mandatory,,,YEARS_BEGINEXPLUATATION_MODE,"Normalized information about building where the client lives, What is average (_AVG suffix), modus (_MODE suffix), median (_MEDI suffix) apartment size, common area, living area, age of building, number of elevators, number of entrances, state of the building, number of floor",normalized
64,application_data,Not Mandatory,,,YEARS_BUILD_MODE,"Normalized information about building where the client lives, What is average (_AVG suffix), modus (_MODE suffix), median (_MEDI suffix) apartment size, common area, living area, age of building, number of elevators, number of entrances, state of the building, number of floor",normalized
65,application_data,Not Mandatory,,,COMMONAREA_MODE,"Normalized information about building where the client lives, What is average (_AVG suffix), modus (_MODE suffix), median (_MEDI suffix) apartment size, common area, living area, age of building, number of elevators, number of entrances, state of the building, number of floor",normalized
66,application_data,Not Mandatory,,,ELEVATORS_MODE,"Normalized information about building where the client lives, What is average (_AVG suffix), modus (_MODE suffix), median (_MEDI suffix) apartment size, common area, living area, age of building, number of elevators, number of entrances, state of the building, number of floor",normalized
67,application_data,Not Mandatory,,,ENTRANCES_MODE,"Normalized information about building where the client lives, What is average (_AVG suffix), modus (_MODE suffix), median (_MEDI suffix) apartment size, common area, living area, age of building, number of elevators, number of entrances, state of the building, number of floor",normalized
68,application_data,Not Mandatory,,,FLOORSMAX_MODE,"Normalized information about building where the client lives, What is average (_AVG suffix), modus (_MODE suffix), median (_MEDI suffix) apartment size, common area, living area, age of building, number of elevators, number of entrances, state of the building, number of floor",normalized
69,application_data,Not Mandatory,,,FLOORSMIN_MODE,"Normalized information about building where the client lives, What is average (_AVG suffix), modus (_MODE suffix), median (_MEDI suffix) apartment size, common area, living area, age of building, number of elevators, number of entrances, state of the building, number of floor",normalized
70,application_data,Not Mandatory,,,LANDAREA_MODE,"Normalized information about building where the client lives, What is average (_AVG suffix), modus (_MODE suffix), median (_MEDI suffix) apartment size, common area, living area, age of building, number of elevators, number of entrances, state of the building, number of floor",normalized
71,application_data,Not Mandatory,,,LIVINGAPARTMENTS_MODE,"Normalized information about building where the client lives, What is average (_AVG suffix), modus (_MODE suffix), median (_MEDI suffix) apartment size, common area, living area, age of building, number of elevators, number of entrances, state of the building, number of floor",normalized
72,application_data,Not Mandatory,,,LIVINGAREA_MODE,"Normalized information about building where the client lives, What is average (_AVG suffix), modus (_MODE suffix), median (_MEDI suffix) apartment size, common area, living area, age of building, number of elevators, number of entrances, state of the building, number of floor",normalized
73,application_data,Not Mandatory,,,NONLIVINGAPARTMENTS_MODE,"Normalized information about building where the client lives, What is average (_AVG suffix), modus (_MODE suffix), median (_MEDI suffix) apartment size, common area, living area, age of building, number of elevators, number of entrances, state of the building, number of floor",normalized
74,application_data,Not Mandatory,,,NONLIVINGAREA_MODE,"Normalized information about building where the client lives, What is average (_AVG suffix), modus (_MODE suffix), median (_MEDI suffix) apartment size, common area, living area, age of building, number of elevators, number of entrances, state of the building, number of floor",normalized
75,application_data,Not Mandatory,,,APARTMENTS_MEDI,"Normalized information about building where the client lives, What is average (_AVG suffix), modus (_MODE suffix), median (_MEDI suffix) apartment size, common area, living area, age of building, number of elevators, number of entrances, state of the building, number of floor",normalized
76,application_data,Not Mandatory,,,BASEMENTAREA_MEDI,"Normalized information about building where the client lives, What is average (_AVG suffix), modus (_MODE suffix), median (_MEDI suffix) apartment size, common area, living area, age of building, number of elevators, number of entrances, state of the building, number of floor",normalized
77,application_data,Not Mandatory,,,YEARS_BEGINEXPLUATATION_MEDI,"Normalized information about building where the client lives, What is average (_AVG suffix), modus (_MODE suffix), median (_MEDI suffix) apartment size, common area, living area, age of building, number of elevators, number of entrances, state of the building, number of floor",normalized
78,application_data,Not Mandatory,,,YEARS_BUILD_MEDI,"Normalized information about building where the client lives, What is average (_AVG suffix), modus (_MODE suffix), median (_MEDI suffix) apartment size, common area, living area, age of building, number of elevators, number of entrances, state of the building, number of floor",normalized
79,application_data,Not Mandatory,,,COMMONAREA_MEDI,"Normalized information about building where the client lives, What is average (_AVG suffix), modus (_MODE suffix), median (_MEDI suffix) apartment size, common area, living area, age of building, number of elevators, number of entrances, state of the building, number of floor",normalized
80,application_data,Not Mandatory,,,ELEVATORS_MEDI,"Normalized information about building where the client lives, What is average (_AVG suffix), modus (_MODE suffix), median (_MEDI suffix) apartment size, common area, living area, age of building, number of elevators, number of entrances, state of the building, number of floor",normalized
81,application_data,Not Mandatory,,,ENTRANCES_MEDI,"Normalized information about building where the client lives, What is average (_AVG suffix), modus (_MODE suffix), median (_MEDI suffix) apartment size, common area, living area, age of building, number of elevators, number of entrances, state of the building, number of floor",normalized
82,application_data,Not Mandatory,,,FLOORSMAX_MEDI,"Normalized information about building where the client lives, What is average (_AVG suffix), modus (_MODE suffix), median (_MEDI suffix) apartment size, common area, living area, age of building, number of elevators, number of entrances, state of the building, number of floor",normalized
83,application_data,Not Mandatory,,,FLOORSMIN_MEDI,"Normalized information about building where the client lives, What is average (_AVG suffix), modus (_MODE suffix), median (_MEDI suffix) apartment size, common area, living area, age of building, number of elevators, number of entrances, state of the building, number of floor",normalized
84,application_data,Not Mandatory,,,LANDAREA_MEDI,"Normalized information about building where the client lives, What is average (_AVG suffix), modus (_MODE suffix), median (_MEDI suffix) apartment size, common area, living area, age of building, number of elevators, number of entrances, state of the building, number of floor",normalized
85,application_data,Not Mandatory,,,LIVINGAPARTMENTS_MEDI,"Normalized information about building where the client lives, What is average (_AVG suffix), modus (_MODE suffix), median (_MEDI suffix) apartment size, common area, living area, age of building, number of elevators, number of entrances, state of the building, number of floor",normalized
86,application_data,Not Mandatory,,,LIVINGAREA_MEDI,"Normalized information about building where the client lives, What is average (_AVG suffix), modus (_MODE suffix), median (_MEDI suffix) apartment size, common area, living area, age of building, number of elevators, number of entrances, state of the building, number of floor",normalized
87,application_data,Not Mandatory,,,NONLIVINGAPARTMENTS_MEDI,"Normalized information about building where the client lives, What is average (_AVG suffix), modus (_MODE suffix), median (_MEDI suffix) apartment size, common area, living area, age of building, number of elevators, number of entrances, state of the building, number of floor",normalized
88,application_data,Not Mandatory,,,NONLIVINGAREA_MEDI,"Normalized information about building where the client lives, What is average (_AVG suffix), modus (_MODE suffix), median (_MEDI suffix) apartment size, common area, living area, age of building, number of elevators, number of entrances, state of the building, number of floor",normalized
89,application_data,Not Mandatory,,,FONDKAPREMONT_MODE,"Normalized information about building where the client lives, What is average (_AVG suffix), modus (_MODE suffix), median (_MEDI suffix) apartment size, common area, living area, age of building, number of elevators, number of entrances, state of the building, number of floor",normalized
90,application_data,Not Mandatory,,,HOUSETYPE_MODE,"Normalized information about building where the client lives, What is average (_AVG suffix), modus (_MODE suffix), median (_MEDI suffix) apartment size, common area, living area, age of building, number of elevators, number of entrances, state of the building, number of floor",normalized
91,application_data,Not Mandatory,,,TOTALAREA_MODE,"Normalized information about building where the client lives, What is average (_AVG suffix), modus (_MODE suffix), median (_MEDI suffix) apartment size, common area, living area, age of building, number of elevators, number of entrances, state of the building, number of floor",normalized
92,application_data,Not Mandatory,,,WALLSMATERIAL_MODE,"Normalized information about building where the client lives, What is average (_AVG suffix), modus (_MODE suffix), median (_MEDI suffix) apartment size, common area, living area, age of building, number of elevators, number of entrances, state of the building, number of floor",normalized
93,application_data,Not Mandatory,,,EMERGENCYSTATE_MODE,"Normalized information about building where the client lives, What is average (_AVG suffix), modus (_MODE suffix), median (_MEDI suffix) apartment size, common area, living area, age of building, number of elevators, number of entrances, state of the building, number of floor",normalized
94,application_data,Not Mandatory,,,OBS_30_CNT_SOCIAL_CIRCLE,How many observation of client's social surroundings with observable 30 DPD (days past due) default,
95,application_data,Not Mandatory,,,DEF_30_CNT_SOCIAL_CIRCLE,How many observation of client's social surroundings defaulted on 30 DPD (days past due) ,
96,application_data,Not Mandatory,,,OBS_60_CNT_SOCIAL_CIRCLE,How many observation of client's social surroundings with observable 60 DPD (days past due) default,
97,application_data,Not Mandatory,,,DEF_60_CNT_SOCIAL_CIRCLE,How many observation of client's social surroundings defaulted on 60 (days past due) DPD,
98,application_data,Not Mandatory,,,DAYS_LAST_PHONE_CHANGE,How many days before application did client change phone,
99,application_data,Not Mandatory,,,FLAG_DOCUMENT_2,Did client provide document 2,
100,application_data,Not Mandatory,,,FLAG_DOCUMENT_3,Did client provide document 3,
101,application_data,Not Mandatory,,,FLAG_DOCUMENT_4,Did client provide document 4,
102,application_data,Not Mandatory,,,FLAG_DOCUMENT_5,Did client provide document 5,
103,application_data,Not Mandatory,,,FLAG_DOCUMENT_6,Did client provide document 6,
104,application_data,Not Mandatory,,,FLAG_DOCUMENT_7,Did client provide document 7,
105,application_data,Not Mandatory,,,FLAG_DOCUMENT_8,Did client provide document 8,
106,application_data,Not Mandatory,,,FLAG_DOCUMENT_9,Did client provide document 9,
107,application_data,Not Mandatory,,,FLAG_DOCUMENT_10,Did client provide document 10,
108,application_data,Not Mandatory,,,FLAG_DOCUMENT_11,Did client provide document 11,
109,application_data,Not Mandatory,,,FLAG_DOCUMENT_12,Did client provide document 12,
110,application_data,Not Mandatory,,,FLAG_DOCUMENT_13,Did client provide document 13,
111,application_data,Not Mandatory,,,FLAG_DOCUMENT_14,Did client provide document 14,
112,application_data,Not Mandatory,,,FLAG_DOCUMENT_15,Did client provide document 15,
113,application_data,Not Mandatory,,,FLAG_DOCUMENT_16,Did client provide document 16,
114,application_data,Not Mandatory,,,FLAG_DOCUMENT_17,Did client provide document 17,
115,application_data,Not Mandatory,,,FLAG_DOCUMENT_18,Did client provide document 18,
116,application_data,Not Mandatory,,,FLAG_DOCUMENT_19,Did client provide document 19,
117,application_data,Not Mandatory,,,FLAG_DOCUMENT_20,Did client provide document 20,
118,application_data,Not Mandatory,,,FLAG_DOCUMENT_21,Did client provide document 21,
119,application_data,Not Mandatory,,,AMT_REQ_CREDIT_BUREAU_HOUR,Number of enquiries to Credit Bureau about the client one hour before application,
120,application_data,Not Mandatory,,,AMT_REQ_CREDIT_BUREAU_DAY,Number of enquiries to Credit Bureau about the client one day before application (excluding one hour before application),
121,application_data,Not Mandatory,,,AMT_REQ_CREDIT_BUREAU_WEEK,Number of enquiries to Credit Bureau about the client one week before application (excluding one day before application),
122,application_data,Not Mandatory,,,AMT_REQ_CREDIT_BUREAU_MON,Number of enquiries to Credit Bureau about the client one month before application (excluding one week before application),
123,application_data,Not Mandatory,,,AMT_REQ_CREDIT_BUREAU_QRT,Number of enquiries to Credit Bureau about the client 3 month before application (excluding one month before application),
124,application_data,mandatory,Numerical,,AMT_REQ_CREDIT_BUREAU_YEAR,Number of enquiries to Credit Bureau about the client one day year (excluding last 3 months before application),
176,previous_application.csv,Initial,,,SK_ID_PREV ,"ID of previous credit in Home credit related to loan in our sample. (One loan in our sample can have 0,1,2 or more previous loan applications in Home Credit, previous application could, but not necessarily have to lead to credit) ",hashed
177,previous_application.csv,Initial,,,SK_ID_CURR,ID of loan in our sample,hashed
178,previous_application.csv,mandatory,Categorical,,NAME_CONTRACT_TYPE,"Contract product type (Cash loan, consumer loan [POS] ,...) of the previous application",
179,previous_application.csv,Not Mandatory,Numerical,,AMT_ANNUITY,Annuity of previous application,
180,previous_application.csv,mandatory,Numerical,,AMT_APPLICATION,For how much credit did client ask on the previous application,
181,previous_application.csv,mandatory,Numerical,,AMT_CREDIT,"Final credit amount on the previous application. This differs from AMT_APPLICATION in a way that the AMT_APPLICATION is the amount for which the client initially applied for, but during our approval process he could have received different amount - AMT_CREDIT",
182,previous_application.csv,Not Mandatory,,,AMT_DOWN_PAYMENT,Down payment on the previous application,
183,previous_application.csv,Not Mandatory,,,AMT_GOODS_PRICE,Goods price of good that client asked for (if applicable) on the previous application,
184,previous_application.csv,Not Mandatory,,,WEEKDAY_APPR_PROCESS_START,On which day of the week did the client apply for previous application,
185,previous_application.csv,Not Mandatory,,,HOUR_APPR_PROCESS_START,Approximately at what day hour did the client apply for the previous application,rounded
186,previous_application.csv,,,Used only for analysis if this is last app,FLAG_LAST_APPL_PER_CONTRACT,Flag if it was last application for the previous contract. Sometimes by mistake of client or our clerk there could be more applications for one single contract,
187,previous_application.csv,,,Used only for analysis if this is last app,NFLAG_LAST_APPL_IN_DAY,Flag if the application was the last application per day of the client. Sometimes clients apply for more applications a day. Rarely it could also be error in our system that one application is in the database twice,
188,previous_application.csv,Not Mandatory,,,NFLAG_MICRO_CASH,Flag Micro finance loan,
189,previous_application.csv,Not Mandatory,,,RATE_DOWN_PAYMENT,Down payment rate normalized on previous credit,normalized
190,previous_application.csv,Not Mandatory,,,RATE_INTEREST_PRIMARY,Interest rate normalized on previous credit,normalized
191,previous_application.csv,Not Mandatory,,,RATE_INTEREST_PRIVILEGED,Interest rate normalized on previous credit,normalized
192,previous_application.csv,mandatory,categorical,,NAME_CASH_LOAN_PURPOSE,Purpose of the cash loan,
193,previous_application.csv,mandatory,categorical,,NAME_CONTRACT_STATUS,"Contract status (approved, cancelled, ...) of previous application",
194,previous_application.csv,mandatory,Numerical,,DAYS_DECISION,Relative to current application when was the decision about previous application made,time only relative to the application
195,previous_application.csv,mandatory,categorical,,NAME_PAYMENT_TYPE,Payment method that client chose to pay for the previous application,
196,previous_application.csv,mandatory,categorical,,CODE_REJECT_REASON,Why was the previous application rejected,
197,previous_application.csv,Not Mandatory,,,NAME_TYPE_SUITE,Who accompanied client when applying for the previous application,
198,previous_application.csv,mandatory,categorical,,NAME_CLIENT_TYPE,Was the client old or new client when applying for the previous application,
199,previous_application.csv,mandatory,categorical,,NAME_GOODS_CATEGORY,What kind of goods did the client apply for in the previous application,
200,previous_application.csv,mandatory,categorical,,NAME_PORTFOLIO,"Was the previous application for CASH, POS, CAR, �",
201,previous_application.csv,mandatory,categorical,,NAME_PRODUCT_TYPE,Was the previous application x-sell o walk-in,
202,previous_application.csv,mandatory,categorical,,CHANNEL_TYPE,Through which channel we acquired the client on the previous application,
203,previous_application.csv,Not Mandatory,,,SELLERPLACE_AREA,Selling area of seller place of the previous application,
204,previous_application.csv,Not Mandatory,,,NAME_SELLER_INDUSTRY,The industry of the seller,
205,previous_application.csv,mandatory,Numerical,,CNT_PAYMENT,Term of previous credit at application of the previous application,
206,previous_application.csv,mandatory,categorical,,NAME_YIELD_GROUP,Grouped interest rate into small medium and high of the previous application,grouped
207,previous_application.csv,Not Mandatory,,,PRODUCT_COMBINATION,Detailed product combination of the previous application,
208,previous_application.csv,Not Mandatory,,,DAYS_FIRST_DRAWING,Relative to application date of current application when was the first disbursement of the previous application,time only relative to the application
209,previous_application.csv,Not Mandatory,,,DAYS_FIRST_DUE,Relative to application date of current application when was the first due supposed to be of the previous application,time only relative to the application
210,previous_application.csv,Not Mandatory,,,DAYS_LAST_DUE_1ST_VERSION,Relative to application date of current application when was the first due of the previous application,time only relative to the application
211,previous_application.csv,Not Mandatory,,,DAYS_LAST_DUE,Relative to application date of current application when was the last due date of the previous application,time only relative to the application
212,previous_application.csv,Not Mandatory,,,DAYS_TERMINATION,Relative to application date of current application when was the expected termination of the previous application,time only relative to the application
213,previous_application.csv,Not Mandatory,,,NFLAG_INSURED_ON_APPROVAL,Did the client requested insurance during the previous application,
,Table,Mandate,Type of column,Operations,Row,Description,Special
